{
  "Name": "__NAV_C07",
  "CentralPoint": {
    "X": 5795.80126953125,
    "Y": 147.7958984375,
    "Z": 6234.40234375
  }
}
