{
  "Name": "__NAV_C08",
  "CentralPoint": {
    "X": 6307.08154296875,
    "Y": 147.7958984375,
    "Z": 6702.3037109375
  }
}
