{
  "Name": "__NAV_R02",
  "CentralPoint": {
    "X": 4059.57861328125,
    "Y": 114.16009521484375,
    "Z": 1439.07421875
  }
}
