{
  "Name": "__NAV_R013",
  "CentralPoint": {
    "X": 13334.9814453125,
    "Y": -7.063699722290039,
    "Z": 5590.3896484375
  }
}
