{
  "Name": "__NAV_R08",
  "CentralPoint": {
    "X": 11025.498046875,
    "Y": 17.410602569580078,
    "Z": 1251.975830078125
  }
}
