{
  "Name": "__NAV_L012",
  "CentralPoint": {
    "X": 3952.449951171875,
    "Y": 10.052900314331055,
    "Z": 13376.927734375
  }
}
