{
  "Name": "__NAV_C06",
  "CentralPoint": {
    "X": 5309.4951171875,
    "Y": 7.295300006866455,
    "Z": 5784.08544921875
  }
}
