{
  "Name": "__NAV_L016",
  "CentralPoint": {
    "X": 8680.716796875,
    "Y": 10.052900314331055,
    "Z": 13451.2119140625
  }
}
