{
  "Name": "__NAV_C011",
  "CentralPoint": {
    "X": 8270.953125,
    "Y": 147.7958984375,
    "Z": 8392.8837890625
  }
}
