{
  "Name": "__NAV_R07",
  "CentralPoint": {
    "X": 10099.9150390625,
    "Y": 17.410602569580078,
    "Z": 1080.8441162109375
  }
}
