{
  "Name": "__NAV_R016",
  "CentralPoint": {
    "X": 13231.2421875,
    "Y": -13.985199928283691,
    "Z": 8925.80078125
  }
}
