{
  "Name": "__NAV_L06",
  "CentralPoint": {
    "X": 823.0357055664062,
    "Y": 0.6971001029014587,
    "Z": 8851.8505859375
  }
}
