{
  "Name": "__NAV_L017",
  "CentralPoint": {
    "X": 9882.1982421875,
    "Y": 145.49549865722656,
    "Z": 13088.4326171875
  }
}
