{
  "Name": "__NAV_L05",
  "CentralPoint": {
    "X": 801.166015625,
    "Y": 13.08080005645752,
    "Z": 7566.88623046875
  }
}
