{
  "Name": "__NAV_L08",
  "CentralPoint": {
    "X": 1101.982177734375,
    "Y": 10.052900314331055,
    "Z": 11380.373046875
  }
}
