{
  "Name": "__NAV_R017",
  "CentralPoint": {
    "X": 12854.2734375,
    "Y": 95.24609375,
    "Z": 10214.8212890625
  }
}
