{
  "Name": "__NAV_L02",
  "CentralPoint": {
    "X": 1076.663818359375,
    "Y": 133.05311584472656,
    "Z": 4484.40478515625
  }
}
