{
  "Name": "__NAV_L09",
  "CentralPoint": {
    "X": 1561.8155517578125,
    "Y": 10.052900314331055,
    "Z": 12238.8232421875
  }
}
