{
  "Name": "__NAV_L013",
  "CentralPoint": {
    "X": 5097.59521484375,
    "Y": 10.052900314331055,
    "Z": 13387.0927734375
  }
}
