{
  "Name": "__NAV_C012",
  "CentralPoint": {
    "X": 8743.328125,
    "Y": 147.7958984375,
    "Z": 8884.2998046875
  }
}
