{
  "Name": "__NAV_C02",
  "CentralPoint": {
    "X": 3276.21044921875,
    "Y": 146.12921142578125,
    "Z": 3748.53662109375
  }
}
