{
  "Name": "__NAV_C05",
  "CentralPoint": {
    "X": 4969.08984375,
    "Y": -39.50590133666992,
    "Z": 5368.10205078125
  }
}
