{
  "Name": "__NAV_L03",
  "CentralPoint": {
    "X": 824.0358276367188,
    "Y": 27.51930046081543,
    "Z": 5713.73779296875
  }
}
