{
  "Name": "__NAV_R04",
  "CentralPoint": {
    "X": 6509.74658203125,
    "Y": -7.5401997566223145,
    "Z": 1020.9121704101562
  }
}
