{
  "Name": "__NAV_C013",
  "CentralPoint": {
    "X": 9218.923828125,
    "Y": 147.7958984375,
    "Z": 9322.4169921875
  }
}
