{
  "Name": "__NAV_R05",
  "CentralPoint": {
    "X": 7568.73193359375,
    "Y": -30.397499084472656,
    "Z": 1009.8731689453125
  }
}
