{
  "Name": "__NAV_R06",
  "CentralPoint": {
    "X": 8845.95703125,
    "Y": 9.070899963378906,
    "Z": 1050.9891357421875
  }
}
