{
  "Name": "__NAV_L014",
  "CentralPoint": {
    "X": 6262.00390625,
    "Y": 10.052900314331055,
    "Z": 13426.630859375
  }
}
