{
  "Name": "__NAV_C010",
  "CentralPoint": {
    "X": 7672.98974609375,
    "Y": 147.7958984375,
    "Z": 7801.9912109375
  }
}
