{
  "Name": "__NAV_R09",
  "CentralPoint": {
    "X": 11887.7822265625,
    "Y": -3.990000009536743,
    "Z": 1692.201416015625
  }
}
