{
  "Name": "__NAV_C04",
  "CentralPoint": {
    "X": 4554.09375,
    "Y": 43.71949768066406,
    "Z": 4869.380859375
  }
}
