{
  "Name": "__NAV_R015",
  "CentralPoint": {
    "X": 13258.4345703125,
    "Y": -13.985199928283691,
    "Z": 7996.861328125
  }
}
