{
  "Name": "__NAV_L015",
  "CentralPoint": {
    "X": 7526.35888671875,
    "Y": 10.052900314331055,
    "Z": 13439.423828125
  }
}
