{
  "Name": "__NAV_C03",
  "CentralPoint": {
    "X": 4011.32275390625,
    "Y": 6.166199684143066,
    "Z": 4309.4072265625
  }
}
