{
  "Name": "__NAV_L011",
  "CentralPoint": {
    "X": 3079.608154296875,
    "Y": 10.052900314331055,
    "Z": 13252.1875
  }
}
