{
  "Name": "__NAV_L04",
  "CentralPoint": {
    "X": 814.869140625,
    "Y": 16.242401123046875,
    "Z": 6495.4365234375
  }
}
