{
  "Name": "__NAV_C016",
  "CentralPoint": {
    "X": 10917.044921875,
    "Y": 147.7958984375,
    "Z": 10620.0625
  }
}
