{
  "Name": "__NAV_R012",
  "CentralPoint": {
    "X": 13344.8955078125,
    "Y": -7.063699722290039,
    "Z": 4569.23681640625
  }
}
