{
  "Name": "__NAV_R03",
  "CentralPoint": {
    "X": 5321.31640625,
    "Y": 30.121402740478516,
    "Z": 1041.1512451171875
  }
}
