{
  "Name": "__NAV_R014",
  "CentralPoint": {
    "X": 13303.88671875,
    "Y": -13.985199928283691,
    "Z": 6956.18408203125
  }
}
