{
  "Name": "__NAV_R011",
  "CentralPoint": {
    "X": 13122.7021484375,
    "Y": -7.063699722290039,
    "Z": 3473.890380859375
  }
}
