{
  "Name": "__NAV_L010",
  "CentralPoint": {
    "X": 2314.15869140625,
    "Y": 10.052900314331055,
    "Z": 12879.3125
  }
}
