{
  "Name": "__NAV_C014",
  "CentralPoint": {
    "X": 9727.3740234375,
    "Y": 147.7958984375,
    "Z": 9872.8837890625
  }
}
