{
  "Name": "__NAV_L07",
  "CentralPoint": {
    "X": 878.6034545898438,
    "Y": 11.20669937133789,
    "Z": 10202.6162109375
  }
}
