{
  "Name": "__NAV_R010",
  "CentralPoint": {
    "X": 12594.779296875,
    "Y": -3.990000009536743,
    "Z": 2407.166259765625
  }
}
