{
  "Name": "__NAV_C09",
  "CentralPoint": {
    "X": 6934.0517578125,
    "Y": 147.7958984375,
    "Z": 7260.125
  }
}
